GRID,GENDER,AGE,Smoking,MAX_SYSTOLIC_2000,MIN_SYSTOLIC_2000,MAX_DIASTOLIC_2000,MIN_DIASTOLIC_2000,MAX_BMI_2000,MAX_VALUE_Chol_2000,MAX_SYSTOLIC_2001,MIN_SYSTOLIC_2001,MAX_DIASTOLIC_2001,MIN_DIASTOLIC_2001,MAX_BMI_2001,MAX_VALUE_Chol_2001,MAX_SYSTOLIC_2002,MIN_SYSTOLIC_2002,MAX_DIASTOLIC_2002,MIN_DIASTOLIC_2002,MAX_BMI_2002,MAX_VALUE_Chol_2002,MAX_SYSTOLIC_2003,MIN_SYSTOLIC_2003,MAX_DIASTOLIC_2003,MIN_DIASTOLIC_2003,MAX_BMI_2003,MAX_VALUE_Chol_2003,MAX_SYSTOLIC_2004,MIN_SYSTOLIC_2004,MAX_DIASTOLIC_2004,MIN_DIASTOLIC_2004,MAX_BMI_2004,MAX_VALUE_Chol_2004,MAX_SYSTOLIC_2005,MIN_SYSTOLIC_2005,MAX_DIASTOLIC_2005,MIN_DIASTOLIC_2005,MAX_BMI_2005,MAX_VALUE_Chol_2005,MAX_SYSTOLIC_2006,MIN_SYSTOLIC_2006,MAX_DIASTOLIC_2006,MIN_DIASTOLIC_2006,MAX_BMI_2006,MAX_VALUE_Chol_2006,Class
R000000000,M,61,0,144,132,66,61,30.610138775037917,202.03260718286487,135,120,96,91,29.07650776498043,205.20024993111224,137,125,84,72,26.345577866313423,206.66869567402563,132,113,66,60,24.32859027241625,223.36732040636173,103,88,89,75,37.35651580627564,197.85249585192508,120,110,87,78,24.0604886027759,196.2032132054198,151,132,81,68,30.156152106263686,197.35712928012364,0
R000000001,F,68,1,153,141,77,66,20.429816058784144,212.0034342394465,160,146,77,65,26.627230898010357,207.318595937255,122,109,79,72,35.55075062936076,238.3659743994018,128,115,86,81,25.417952295642415,197.26227343005115,135,123,63,54,26.66364736489866,233.9473535461857,142,131,80,74,27.002856570895975,228.66129668834964,143,127,77,71,24.002223432887185,194.8641377388791,1
R000000002,M,61,0,135,121,94,85,26.867563995058987,204.44095274479062,119,104,70,63,30.486287559424202,193.30393236095586,97,86,97,89,30.226212498135034,171.4305085778361,136,119,90,76,25.01048708501483,166.75258541846404,105,89,98,89,30.58015142179599,151.7143705075706,130,115,91,77,36.313656956057564,126.01349633511136,133,116,85,77,28.915904556767742,193.60981515213956,0
R000000003,M,33,1,143,129,95,85,24.471890635170286,149.77106838384108,136,119,85,73,26.521558655825466,244.69590315806246,146,128,79,66,22.658073723600435,179.69014584624406,92,78,92,87,25.874544532545244,247.82246395855535,123,107,88,74,27.95034712189762,179.08072547902918,109,90,75,66,29.449645851501806,226.76861029175365,131,119,90,78,27.924540416784463,218.6181726439791,0
R000000004,M,59,1,139,128,102,92,26.4362457213391,212.83612031571158,138,122,81,69,29.508401575608747,151.97288064570455,122,103,66,58,29.944145157670548,176.82021664187528,140,121,90,78,27.311347542887816,188.22434885213605,137,120,95,85,23.065546303856376,145.53375111423992,124,114,71,59,27.57684759174094,187.19282129768592,127,112,70,60,25.08761177399085,215.32335579949435,0
R000000005,F,66,0,145,126,84,72,25.318273731814962,137.36332896198172,122,108,90,81,27.882948745260087,175.14508925659263,117,101,91,77,21.81078404424654,224.90575435587832,131,114,88,82,24.556395566025987,181.7259569235857,141,130,79,67,20.405907879741715,216.10927090831223,138,125,67,61,32.954231984622595,216.6014733890509,146,127,97,86,23.795238828135275,152.28016393037439,0
R000000006,M,52,1,114,99,93,80,27.8143185170344,178.01947426227142,123,104,88,83,32.504201003088674,196.90235719552857,140,124,72,63,32.33076421554829,227.0119576518519,126,108,75,61,23.0566490345911,249.16375794001777,140,122,80,73,30.996055820296526,236.76411635943407,126,109,62,50,22.192465297993007,180.5201682291241,129,114,48,37,38.09887000692736,174.01636849297515,0
R000000007,M,68,0,133,119,95,89,26.680341059466105,215.16281439874453,121,106,84,70,27.794425105646056,150.70433566537497,124,109,91,80,26.115501392728486,213.53675957955525,160,147,92,83,28.697501542700067,218.3017630266861,134,120,83,70,34.197363707084236,194.49770038123873,120,101,79,71,26.041219319407045,160.19916409766668,119,109,85,79,22.413715335126835,215.21938549675062,0
R000000008,M,74,1,137,122,80,67,26.595437224716644,217.9998262377451,131,118,84,73,20.907870127172473,194.72436786703787,145,133,98,90,27.625455245043316,235.50481000669782,119,103,74,66,27.2693518405452,207.7229022817404,113,95,106,101,25.060785171158567,169.8343995645411,134,120,81,67,25.450685384239836,210.19112093950002,143,128,89,81,27.728965742613536,195.64934690360747,0
R000000009,F,44,1,137,127,88,74,32.429553713354856,175.6978074737153,138,120,77,63,33.04768600285597,249.84410497184055,139,124,91,86,33.303186590168764,164.65877397870858,123,112,96,84,26.255032919532734,170.87718009792349,144,125,98,90,21.373229921761638,170.71260645636394,154,136,78,64,29.59216623787255,154.95408430036403,153,141,78,64,32.89033523262883,165.01646278281441,1
R000000010,M,72,0,147,133,91,78,30.228714642676994,186.24689179439247,131,118,85,76,24.377070796549525,200.62659464887886,140,123,95,82,22.851345725663002,250.01672334653412,159,144,84,78,28.332758866886056,224.08412174639662,113,99,86,73,26.699349070313502,191.0882837638177,136,121,97,92,31.583345169415868,188.0096771533188,101,89,63,49,30.116227459713112,245.0078054086405,0
R000000011,M,58,1,136,118,75,61,25.184421398798264,182.18490473004638,140,130,93,81,25.38493464540472,206.9210271715605,109,92,105,97,22.411527259548034,245.69715865136774,117,100,84,70,21.919297177766225,286.8955581655924,146,130,87,75,24.251531819045066,190.97383863825425,149,139,97,88,29.88594220810892,175.62710926687544,165,153,84,74,26.105857776177356,176.0086020122606,0
R000000012,M,65,1,112,93,101,87,25.777813068746315,196.9146751059179,100,84,75,62,25.61735482382603,162.1950570448226,148,130,94,81,25.66560269461598,222.0686599173724,121,105,93,80,29.05281169198704,226.41522991635617,139,121,91,77,25.39873728055163,227.3549533554011,121,106,81,76,29.949265932875647,194.74902385119572,114,95,86,79,23.23141145781865,201.07331365990783,0
R000000013,M,42,1,138,127,84,73,29.96717222159845,199.1961696009301,126,110,84,73,33.497752372683266,181.50915775881566,133,123,88,78,32.15351540407727,253.4539672631318,127,111,95,84,26.337247198841748,214.88265488877695,150,137,108,95,30.44149479890114,179.93371896670962,129,114,67,56,26.555563523128217,223.91627358791817,115,96,73,60,28.519145773038098,194.8544266571308,0
R000000014,F,61,1,116,106,85,80,29.961678286811065,220.0540438858733,114,101,95,84,19.457303144085216,188.74410859028188,124,114,101,96,21.92261569809263,150.3013037696668,142,125,92,81,28.957957872451118,221.63278389458287,130,119,88,83,27.79814781038865,213.0523501455758,129,114,79,67,29.28303943246456,185.30464143636527,111,94,76,68,17.441939003460476,167.63933597148326,0
R000000015,M,36,1,119,100,75,64,25.584879043751723,184.49309411330648,134,122,90,85,40.55099413463998,190.46854709731298,132,120,102,95,16.671377607557723,184.26655591212045,133,117,76,71,29.59859642167587,190.15654000494374,117,99,85,72,24.68196976447193,190.83589912256394,131,114,79,72,24.64064851687844,209.43732642237836,130,116,94,80,28.679468241583475,205.548644065413,0
R000000016,F,51,0,123,105,77,63,27.06403733239134,211.20188575740664,134,117,98,90,32.224227236264205,238.44931385011307,103,91,102,96,26.195364566364006,177.94089617954143,110,96,92,86,32.52460511314471,189.87047811220555,110,99,81,74,30.35400314504478,177.65729134280488,136,121,78,71,30.696555740031197,222.18038114681264,110,97,86,80,28.13930634757816,211.76320650498258,0
R000000017,F,57,1,128,109,63,54,35.38722416034787,215.21047293461575,128,114,79,73,28.892955656516637,216.73073182175375,136,117,80,67,30.20696319964368,221.6443797127203,122,106,76,68,28.411817667955646,189.4866354729135,112,100,87,73,30.667489380303163,190.0887180997707,116,102,78,67,25.99758798134672,181.78234847618637,112,94,69,59,32.2804877141064,185.96971904511116,0
R000000018,F,31,0,106,88,85,75,25.65380764591463,205.94868132115596,137,118,66,60,27.780423997534854,166.65626129188905,114,97,71,66,32.801046998955314,168.49577781193562,120,101,92,84,32.26687532021731,182.7515013383937,105,86,79,66,26.651770055821498,210.0961514561294,139,128,78,70,23.513961758798505,182.21739413842693,119,101,89,84,23.42664102766227,189.91423206831553,0
R000000019,M,71,1,146,128,110,96,35.64321835383514,192.21182532651576,144,128,87,81,29.14221629943063,207.39514335296013,109,90,79,66,26.147354551658402,222.72485448012458,128,116,70,63,26.71234743547964,189.42665402671946,144,133,89,84,28.55166608367224,227.44800169645106,105,92,81,74,28.15127774332834,241.07986706600633,132,122,75,65,26.706114400615736,218.0146112828784,0
R000000020,F,74,0,112,97,74,63,32.41466777010322,205.4193639282632,129,116,88,80,30.084489713517353,214.94665245490356,107,97,92,79,26.35429357153599,241.1160843199014,136,122,84,73,26.903289946542305,189.28678423253243,146,134,70,65,30.082007532307898,192.44080438524531,109,90,78,66,20.34753534262125,197.6183408066628,133,122,77,63,29.74760658735007,140.74585203009838,0
R000000021,M,35,0,153,136,114,105,34.90166510022186,222.55220820180728,114,101,98,93,30.580862343800227,234.204471155638,146,135,86,74,32.61560293702299,220.85608700251998,136,120,76,64,27.6362873087053,192.65946473497607,138,123,82,69,29.704412523933588,163.88185607606692,162,148,87,80,33.89748028798403,215.27416379395623,148,131,86,81,28.822271034814246,174.64988449256836,1
R000000022,F,57,1,113,103,99,88,25.483712111722284,225.17554603148938,106,89,96,88,30.222417864013792,247.41622059705122,120,109,82,70,20.521033201218316,208.51253070984504,103,85,93,87,31.096499602712846,191.819659052597,129,117,92,82,28.162456347862133,229.9914440979632,122,103,88,77,31.188395987646796,215.04683277077672,148,134,86,74,22.62941401235832,206.40304689597139,0
R000000023,F,57,1,149,130,80,67,27.325776503748955,254.46118054480718,130,113,90,84,28.358322725020994,169.54717424516394,153,141,90,85,26.445916899267964,170.36379977297753,145,134,96,88,30.523836308091653,207.29035571029104,160,141,88,80,33.73034447290119,173.05491850543658,140,127,75,69,29.34787940099121,164.06037181766067,145,129,80,71,25.40999307846447,184.19783819029652,1
R000000024,F,73,1,129,116,85,78,26.20334476489775,170.29921291081214,133,122,92,83,27.210646318770696,175.67427466368986,121,106,70,58,28.761695559700232,174.59447101623905,133,120,86,79,28.540287519447176,202.36379054623538,128,111,80,69,30.330723252060743,207.82469503032598,155,144,97,92,21.505261018421,177.17372371484015,126,116,79,69,33.59964624092557,183.76912808811645,0
R000000025,F,73,0,104,94,83,71,32.50701276770481,186.79977827013792,115,104,83,76,27.394906865385952,162.2726642325615,104,94,86,72,29.796874885140138,237.4885671589,150,134,86,80,23.089058633581914,205.02087360535108,133,118,82,73,26.197283934009068,199.25501996888738,95,79,75,65,25.19923926770634,211.2604209062006,102,83,82,76,29.03730554116446,227.05077638588506,0
R000000026,F,49,1,114,97,102,96,25.72926490931164,151.59594019194793,140,128,72,60,27.220366878589275,192.97940422679056,113,102,96,89,25.96077322723647,223.38047011715997,136,126,92,82,30.452236703065303,245.66892690033447,129,113,95,81,26.221323729204382,195.24289722961342,146,127,68,56,28.16223373948741,137.98055339829068,102,88,77,71,21.343535408091082,181.00027153886955,0
R000000027,F,59,0,149,139,90,79,30.924861973371495,227.93028392983564,123,111,86,78,32.535080387468255,213.99075123339003,148,138,90,79,28.137764046823364,198.82941441867368,146,135,96,88,24.554381460868115,202.30202716149535,124,114,72,61,25.767654599453305,185.3907109943598,139,120,88,83,26.94758091589917,193.66107148884726,145,133,95,82,31.532928586709346,259.3753475334147,0
R000000028,F,40,0,136,124,96,90,30.713197644768165,189.9647748092976,105,95,94,89,30.37422688912345,229.62003549767306,127,113,91,86,18.046690586348042,187.46271362702328,136,118,85,75,24.33641042480112,266.3267297840234,139,127,72,60,30.528483788911245,218.60446341246393,154,143,76,62,21.24574013821011,174.0414838282165,142,123,69,62,21.60294109578888,147.36462266333245,0
R000000029,F,57,0,128,115,88,80,27.807881877143295,206.1857294608798,148,136,91,86,16.238445461342877,197.72146929072431,121,105,100,95,25.367006350664607,139.22576380665868,150,131,80,74,23.446059640249267,210.58068619467835,120,108,75,63,25.509009759992374,92.53812177537466,112,102,88,75,22.734283977855434,233.3151842592996,120,109,82,72,26.771918009548994,133.64018500333793,0
R000000030,M,54,1,96,79,83,72,33.19463893665734,181.86984291660082,147,132,93,79,30.623603106119045,190.4045743023547,132,115,84,70,29.81403485021787,167.87442743946684,137,121,91,83,27.667325156791858,186.58221227351487,119,108,84,79,26.300403643188773,234.09411525101112,151,137,60,53,26.867622412345685,210.38346359464848,108,97,70,56,30.253106218305913,226.36808484405373,0
R000000031,M,68,1,150,135,88,81,28.430719478906422,190.19888015066525,99,82,80,73,28.7789447788751,204.5527397674622,137,118,78,69,24.070823862981282,257.3425726141917,128,109,66,56,32.846897193882754,240.48749717140998,140,124,71,59,32.23208955246325,172.62476676817894,118,108,98,91,22.86684240566467,235.7373889217203,114,96,94,85,32.854823520074945,170.48146221883854,0
R000000032,F,62,0,158,139,80,74,31.336342874433214,236.69570316279976,121,102,82,69,27.92516497421641,174.94571295109932,146,136,96,87,28.235936886358388,161.586332869926,164,148,94,85,24.138557822479143,197.61418196875405,122,104,94,84,28.766527848269558,212.23870729251945,145,135,91,83,33.48554929553305,198.82626099339942,132,119,82,74,18.648303049356805,170.98779235181019,1
R000000033,F,30,0,155,139,70,56,26.02118652432887,220.8270023145795,120,105,89,78,26.445926187644456,262.6861616508432,151,135,96,84,29.78749000321079,205.68439463663242,143,128,77,70,34.71430381269635,128.18947544797612,132,119,75,67,32.79413050848475,210.65076853804786,129,119,69,64,29.97815343762333,196.58332421698933,132,119,74,60,30.846360429882793,229.5419982145903,0
R000000034,F,56,1,120,103,93,82,25.1062527435727,196.65433827023162,154,140,79,73,32.49645087994406,151.77016918645825,124,110,90,79,26.62980319656894,230.22331919585596,138,126,82,70,31.63924088981429,199.8799057449445,124,110,87,75,31.192239493409367,238.24932146062454,141,126,70,57,24.786143563043876,190.85211442761306,145,129,91,85,31.446898560201866,185.08194241860616,0
R000000035,M,42,0,135,124,69,64,30.924582117030432,223.0344175842919,128,115,79,66,31.790105848491432,205.54221736687174,110,91,83,71,28.681855083986285,162.35231995993124,110,91,94,83,22.141591746997502,192.52472486168128,129,117,79,72,23.293312683719748,205.93247406614208,130,112,101,94,32.676619312062854,184.90791801334723,123,104,62,50,25.77193812736748,227.31085447594714,0
R000000036,F,70,1,137,118,82,70,29.723360977334995,223.69700240113622,107,95,87,73,24.908489328705564,260.7081865768892,123,113,85,75,24.149069738861552,205.5413142434325,110,98,80,73,26.468899271286716,248.19642158865005,119,101,84,76,27.591467767037194,175.12672458097865,102,83,77,63,31.870826354694756,280.5396901716796,126,107,87,73,28.3636363577374,181.68764171742623,0
R000000037,M,32,0,107,90,80,73,28.97323065651346,188.25723449939795,143,130,92,86,29.62820914849814,200.20399533679992,133,121,72,62,27.173554881215814,228.13746612531966,134,123,91,81,23.83899893203678,173.072999449989,120,107,68,58,31.95979615987417,151.85735036267093,83,73,76,68,29.155833425547677,224.21508547379668,146,135,96,85,15.792113090634624,210.87594565925917,0
R000000038,M,68,1,132,120,91,85,26.625246608248865,155.92761318091374,111,95,83,76,24.113373061834857,194.29882894995518,115,99,96,90,30.44086467835689,200.37497965721752,132,117,96,88,30.659821830942864,190.02035545765185,117,103,95,84,23.11129573939595,189.53590535381076,133,119,62,57,27.841655066144185,168.01434362189653,98,86,86,80,17.008078740768354,184.65732560064737,0
R000000039,M,35,0,146,130,100,93,34.196837906105216,173.0251511899388,126,116,73,59,22.481527340844277,189.2766373156872,115,96,95,85,28.627891843873737,286.05209167000305,120,107,86,77,24.047346609318364,238.02918128181375,142,132,75,67,29.678843281434705,141.25473713350962,126,108,81,73,26.80610476708064,279.1792660748654,134,122,79,69,32.43413088003302,172.40563172389136,0
R000000040,M,37,1,141,129,97,88,23.53365678298461,159.7841418985245,118,102,77,71,25.493131101640138,194.58824954712776,135,125,71,62,25.653874921744258,149.94202223365414,132,118,88,79,21.51552209177528,211.8322559817254,132,121,74,66,27.843054105205024,181.14542881067734,135,117,82,77,25.840245168873373,187.85060194993181,124,109,72,60,25.844419084056124,251.91804072604154,0
R000000041,M,56,0,113,97,91,79,23.314627961076113,234.9330393797872,121,111,87,80,31.449573889531035,241.1854542402959,129,113,93,86,28.896865617163172,231.76185589651635,153,141,83,72,26.697096893051647,194.85629525080597,143,125,108,97,20.98084503151045,191.22108139009384,126,116,92,83,22.652832323168585,209.63456000530567,140,128,95,84,26.615151073991445,233.49386529079476,0
R000000042,F,38,1,117,106,78,64,31.768666020655317,240.14345649343045,144,133,86,76,31.812500181504348,133.6441426601148,130,116,89,79,30.85843916254647,194.81594787810607,140,125,86,77,32.677576294785034,177.30543000580897,145,134,90,80,28.478637218075733,179.30252065913226,160,143,71,62,34.113315020392,228.18792115615597,137,123,94,89,28.938705614776104,178.2007795120196,0
R000000043,F,66,1,141,122,83,72,31.44038553657228,247.59121640477048,152,139,87,74,30.052341680389173,246.00301103888978,118,108,74,62,19.800234885690088,223.15760464510026,112,100,73,66,27.229935104629785,210.55237180625093,123,109,94,82,24.65012793549387,201.25320972094735,133,123,69,58,25.917947124915134,153.86138218782497,119,106,78,69,26.53627115689251,194.64811889556685,0
R000000044,F,62,0,139,124,81,70,29.415051115967472,139.41333353068495,110,100,90,77,30.900383147391988,157.28128542649566,126,116,72,59,32.63629625982359,213.23921455097738,128,111,82,68,29.593775453426726,199.12096570345193,143,126,89,84,23.329392871534296,192.91687967242376,123,106,89,77,28.112802438849332,175.18019595052704,122,110,78,72,26.165231465852205,244.2868039523384,0
R000000045,F,71,0,96,84,80,69,26.848191112388776,232.14202731121165,139,121,85,74,30.064713148459834,192.00043012296754,116,106,88,83,26.65498104527571,178.0053140867001,117,99,72,63,29.748924390188165,176.96512204378408,129,117,80,66,28.03656270329053,190.16940376013653,135,125,95,87,24.359008574797524,249.4449447371207,95,78,96,86,29.5779562476402,170.35338754815433,0
R000000046,F,73,1,93,81,80,68,30.00968851676165,266.3657392815405,119,104,87,80,25.43407361910819,187.12266739104015,143,125,81,74,29.701959732960923,206.8698917737802,124,111,76,65,21.9508976290357,178.52460376016404,127,112,71,60,20.276588242987973,127.27548148888083,123,109,69,58,26.96219793356268,193.25514009990815,141,122,90,79,22.017854969282446,171.97675889575734,0
R000000047,M,53,0,128,110,80,75,34.883321188478135,233.35963141431935,119,109,84,76,29.727690178695763,217.6565980931216,145,133,103,96,32.78898769458091,144.26295645805138,123,105,64,55,24.402503491381385,175.56583656664753,148,135,82,71,25.30283882966047,161.15884457943352,131,114,95,87,39.40310969547897,229.96010350282617,133,121,67,56,32.639670607442376,214.10181416914563,0
R000000048,F,44,1,121,105,80,72,38.0621848314969,135.4631114638799,137,127,96,86,31.201638100910728,152.05626944348757,102,88,94,82,22.513305211078137,218.0974250171418,122,106,87,78,28.02585674879039,170.2233315870836,138,122,75,64,38.20469701001059,219.2797019556463,111,96,85,78,25.09600838501909,186.39594678060965,150,135,83,76,27.078999900502588,268.11483680783664,0
R000000049,F,61,0,125,111,94,84,21.374345178099375,253.04894925190314,114,99,99,90,31.017165319254296,213.86517998245827,116,97,89,84,25.162235990289815,208.94475397971576,111,99,101,88,25.770580065378446,228.02101279917008,124,105,75,64,30.60088957362777,224.12768818842332,129,111,95,85,33.79438309816621,197.14821183539476,124,108,82,71,23.977365997036507,201.61494655602348,0
R000000050,M,61,1,123,104,74,61,26.324319523005812,201.25067111395825,137,124,73,67,32.75565348589857,260.72928869860556,107,89,90,81,26.84580521649718,219.15980505929306,128,112,80,73,34.81781820157663,223.98180075861313,137,125,69,55,24.474300375330586,144.83669846063015,122,112,84,76,27.888777931384404,253.557705982295,143,127,87,78,23.439161261910673,231.49433718460102,0
R000000051,F,53,1,144,128,77,71,26.07290694806064,193.02802680498584,140,127,82,72,30.833215388804255,159.10477986221568,120,105,98,91,24.864985915502288,231.7435497526145,121,111,94,84,23.08671041967644,228.07023369157378,111,96,86,72,33.616663760401586,175.55845456297607,113,95,59,52,30.71975385397858,213.1253672689407,113,102,85,73,28.17060754582129,169.47680731133997,0
R000000052,M,70,1,131,113,69,64,34.50607788679873,213.53285889748935,123,108,85,78,29.40579283016633,205.69118502831188,128,110,93,87,34.939746303347235,211.02859520629133,86,74,96,91,24.362959587068598,200.13498646305572,133,114,100,88,24.031825756891465,232.15896102797382,159,149,83,70,32.978321021585,189.65456699207004,89,77,79,67,26.774569160886493,210.831570258081,0
R000000053,F,41,1,134,124,99,85,18.074820053739195,168.5297923228854,149,133,82,70,32.28060095326571,180.14053466610173,108,91,89,77,24.57291162469283,204.4426825939483,160,145,73,59,29.162177037918983,192.7211363659953,107,89,90,77,25.78521938745811,178.45883559784554,113,94,95,86,29.089069537623992,179.49909617591456,128,109,86,75,21.804639701924962,189.21155864445316,0
R000000054,M,68,1,109,93,77,71,30.055340772262184,200.08347112764736,110,92,102,96,27.89391496300376,212.77661618579108,116,99,75,68,25.777812882052533,173.56794990016124,146,133,75,66,25.48842664886684,193.2685367032599,115,96,83,70,23.404594360282847,196.65527638624664,130,111,76,65,26.59317137447884,182.2437382276039,121,102,80,70,25.592659578487453,255.99875235880245,0
R000000055,F,31,1,79,64,91,80,26.972758766323867,248.6128893531222,150,131,87,82,24.47250139508913,200.57443332247257,114,104,115,104,28.81755612641191,178.63337709052848,124,108,94,82,16.432669604199173,230.63304718718325,138,128,84,78,29.024319514664082,243.25415987047722,117,105,81,71,27.255636086870243,237.24680092211273,114,101,119,113,24.763203988468735,247.9607253323939,0
R000000056,F,32,0,146,127,89,82,34.552450998190565,218.67190611569865,100,86,76,63,27.347732144224945,180.7553927286707,133,115,73,68,23.191401895695645,235.60203860531993,130,118,84,75,35.73872491765527,145.39556534012513,89,77,54,43,33.47451848838851,189.15268065669818,134,124,83,69,27.39028607341465,222.9649492591676,143,127,86,76,33.04742614608348,268.3825021055409,0
R000000057,M,66,0,162,144,98,84,34.00415536001784,201.75204416308003,170,152,90,83,25.020389420774205,214.6361685461322,131,116,81,71,26.417277152974943,243.09006217117934,112,102,72,59,23.70277845509405,184.56541689927732,157,146,80,69,24.003975069760575,184.85841769438653,110,98,56,47,35.45748222766165,165.53970103779227,148,137,84,71,28.52180965988697,179.13532132707775,1
R000000058,M,46,0,124,114,82,76,29.46202693930677,202.68824479782828,123,110,87,82,25.299286900102473,254.1304432936023,119,101,68,61,29.2698130450007,192.8566869106384,155,137,78,68,30.243570890727224,173.37963117486748,142,125,70,62,19.758227850363646,195.2888992822211,142,131,101,90,22.063496891358437,202.6153567061211,131,119,103,97,34.27735771348223,201.06494622217824,0
R000000059,M,31,1,133,120,75,64,21.681107717152813,164.55818050103596,112,93,88,77,27.42192531713793,194.27288624818104,132,120,90,78,26.668558382469953,201.38008241759823,158,143,89,77,22.986435315103382,240.79662639765223,102,86,86,73,32.36386669807768,255.60232393699485,160,149,75,65,20.91709216882883,197.99550584581982,127,111,71,66,25.160103102530968,211.25500772972183,0
R000000060,M,31,1,134,116,69,63,25.704442070659468,195.50036325800824,126,115,103,89,24.830320316000154,221.59273826444547,121,109,86,76,27.626452564400207,172.86156875018702,132,115,77,63,24.54786037166804,185.67627429658646,165,154,82,70,34.21520200435072,213.3860550886844,117,99,90,76,21.18378833120893,209.48278308704883,130,114,83,74,26.83547244502388,180.30597091022346,0
R000000061,M,57,1,155,142,57,50,26.142435693545046,150.97113993110696,114,102,88,79,26.76815388144384,161.2018112638651,125,110,92,86,25.882671550206517,235.18270535802336,145,133,57,45,21.508267989275048,150.92033493680677,170,155,76,71,20.019678134341067,200.57244883339303,148,131,84,78,24.42427426571031,181.8928664257589,120,101,75,65,29.546212900942855,203.93165599182208,0
R000000062,M,52,1,143,124,86,75,22.69418082218614,230.67322857181432,135,125,81,72,20.425541332184856,171.30690869545973,155,137,67,57,21.94211876327693,219.96250471075336,132,115,81,74,25.03522639894768,206.7027092674037,127,115,86,80,29.840217365785776,184.2692013295525,124,114,97,90,30.80033230879345,232.93416834948272,138,126,91,84,30.416530442296136,227.2693410907649,0
R000000063,M,66,0,137,125,92,84,32.61833712743748,134.42868552573972,150,135,65,60,28.853174829491753,214.17218833641132,150,134,96,85,29.286372845356954,258.23652309391247,109,98,82,71,25.422872730205803,188.89657415318257,116,99,86,80,28.906021408461154,216.1645078454337,152,139,89,83,31.04567716961679,199.95982168141924,106,96,80,68,30.88396428981186,183.48903416805487,0
R000000064,M,61,0,130,112,89,84,22.186294010902376,225.6470113886213,115,100,83,70,28.004821901448896,244.52348085607895,110,98,76,67,35.01973228658897,173.65030768460784,123,110,85,74,27.46973729062041,183.29213576945114,155,136,100,88,24.85009878044898,219.79099309792394,162,152,82,75,25.56998943437317,211.20309552756228,113,101,90,79,24.448761790266097,178.89930620788923,0
R000000065,F,62,1,130,119,69,60,35.861310033814846,229.38232702502185,138,128,98,87,24.731645475727237,210.6684004635698,142,130,83,76,28.07360652313375,188.65976302945347,131,119,97,83,26.509724630494205,180.19904129822518,124,112,91,86,22.42257733332307,167.8046447157359,126,116,76,71,27.886033889360643,176.45929327657052,118,104,90,84,24.561283452037618,176.910326714904,0
R000000066,F,30,0,108,95,95,82,35.851290536181835,239.5629384718158,107,95,84,72,30.63698267372962,190.60825908430536,142,131,94,86,28.9010564689902,206.94337767576718,123,104,85,75,22.233920692144686,179.0154566251758,132,113,87,79,31.967001381786222,220.59884575838478,107,94,92,80,23.53480545964866,177.97060586988314,138,122,92,81,26.578318914051295,159.68892845633937,0
R000000067,M,48,0,124,109,78,66,26.459758952561977,202.60577489485408,145,131,62,49,31.750280550506233,199.97874216270063,112,94,87,79,30.770891020467438,219.3946861317731,126,116,87,76,25.904400686624292,221.25680944569933,148,130,75,61,28.71628212582878,195.46543140129708,144,133,66,56,23.90579085037453,279.72533327800704,125,112,90,85,33.92362745634239,225.61978601280552,0
R000000068,F,31,1,143,132,75,62,29.313981480519264,227.49885398472588,136,124,80,70,21.569760542524104,162.48776798090847,142,130,88,78,22.922678013813204,193.52997087357102,128,112,95,89,33.788042667099226,206.7136209967353,127,117,74,65,29.017705829706884,200.7439590388582,133,121,91,85,30.319467356046182,254.0023985728005,150,140,82,69,23.997267266273855,178.82994992822358,0
R000000069,F,73,0,126,109,77,63,27.710866087718305,195.2076007890435,146,127,94,85,24.94910088573514,218.135459790661,153,139,92,78,34.81005863251842,173.81116728638898,128,109,85,72,33.31356218164725,194.06102733108412,126,112,90,77,25.512922588667195,173.47132991035045,137,119,74,62,32.19073624443359,197.90956511351266,142,127,71,60,25.89229997537338,175.666780092536,0
R000000070,F,55,1,130,113,85,72,31.60729920144676,164.399086469362,128,116,90,80,24.923430600850807,226.46999186970228,113,95,89,84,28.809315185691208,226.44222586770712,130,119,106,92,29.82274811565876,167.05283369460992,110,98,82,71,24.79236318220017,188.0005391651327,124,113,97,87,26.09272470227943,245.9901185218082,117,106,95,85,30.919431657692748,215.8720950551822,0
R000000071,F,61,0,112,102,70,59,33.098709354259036,245.92197177613986,123,104,76,70,24.240387595564542,186.4372900150076,116,99,81,73,34.52742759635643,221.63406087636744,114,101,72,58,30.652396986960692,194.93320029836238,120,105,87,75,18.180105834904214,169.09573204331514,116,103,86,75,34.54006048332322,236.3821254278729,139,127,99,93,30.70541705899528,199.68151937352457,0
R000000072,M,35,1,136,124,84,76,29.031987968480266,197.09342511154776,142,130,79,71,31.317899367726994,185.89873556721494,145,134,83,69,25.067868017904043,172.51177698308825,119,101,75,70,36.243291204541386,207.81883572800078,126,107,94,81,27.08788788086048,167.653454896511,147,137,91,86,31.862421395144437,181.24366912852582,123,110,75,68,30.22167347127168,184.2340891968471,0
R000000073,F,61,1,108,89,89,80,29.87646683912425,157.71466047580418,110,96,80,73,27.224695444908786,207.97634688956146,134,122,87,79,35.272247690231296,240.66328403316487,110,95,91,86,30.28499063835399,208.9596334477847,111,100,69,58,33.75530551781689,211.3127066128034,134,123,85,74,34.3669034090222,178.25200395793595,137,122,92,87,28.32337432311721,224.31886431998007,0
R000000074,M,33,1,134,116,96,91,25.517582944241934,185.99555162630654,103,89,78,67,26.941940634757557,186.89840791878214,138,127,76,62,31.10062197613913,235.1059612758981,144,127,97,90,30.576759442150202,204.82653148975308,112,94,98,89,24.438982319805387,189.34650303670674,108,94,67,60,26.796247723620326,220.06029876053952,142,127,73,59,23.739465513801058,183.0366160427773,0
R000000075,F,40,1,127,113,86,81,29.746855867561354,187.18025952295486,129,116,64,51,19.984550542372986,198.01602156122533,135,118,94,89,30.212160343409433,204.02889491743377,98,87,82,75,21.74166789554583,172.32221999517415,130,115,94,85,21.91034122293304,161.01086990412753,140,121,76,64,34.082744982530585,207.80181914338465,146,130,87,78,25.236896284391456,134.69147083118165,0
R000000076,F,46,0,103,88,71,64,28.651048315695924,213.85090754372635,124,114,92,83,30.541672120836907,262.99165367499546,135,120,87,74,28.93609781741259,202.3879358712811,147,131,74,69,23.549477755047445,127.90470222223942,102,86,64,50,29.74265826582801,265.3115794246513,137,127,91,81,36.7181705599031,187.93986150983838,133,119,89,76,32.5059607037158,239.9972896611744,0
R000000077,F,67,1,146,133,86,74,24.35282204499457,270.41142450118195,138,124,97,87,23.04296642058611,192.5892289776201,110,95,85,77,27.0058855277022,216.62173313347722,150,135,102,91,27.86923873199519,253.988562801558,116,102,108,98,30.480319993785344,166.2603488205219,125,109,86,78,26.349929866575923,221.63679631246214,154,138,80,70,31.094549333022968,175.15413572932016,0
R000000078,M,53,1,127,108,74,68,27.943851562627554,215.67255839847695,146,127,69,55,28.23973052106531,189.24979543936334,145,127,96,85,32.80212663389549,174.14890789231225,125,107,77,69,24.77023109970301,160.71089377674406,159,141,88,79,25.656376157275297,232.76308883058002,154,141,96,84,27.383323846527656,156.7255122322116,136,125,85,76,22.660060368898137,178.43137463434206,1
R000000079,F,34,1,157,146,73,65,26.467269928055707,206.20531555989575,137,123,97,91,29.109507751832766,180.57374583094523,147,130,83,76,28.561439479392188,200.90094437492246,90,74,88,74,24.008178851907314,141.05126123999185,124,114,80,67,26.604942141201434,155.70609075134595,120,105,89,76,24.209125990374403,203.45004583557372,132,122,93,86,31.47783051881929,178.56388817065852,0
R000000080,M,63,0,152,135,71,65,25.562017672727766,273.67328598687664,145,132,83,76,33.4426343833546,222.3257591449981,126,113,83,69,20.13172118565139,135.4284936617246,124,114,98,92,24.470163807071007,203.91546839012287,122,108,90,83,29.055612468875033,213.69507005503385,127,110,75,61,23.42313961535669,162.83229039311732,125,106,83,74,33.23511375505734,201.78802966923908,0
R000000081,F,35,1,116,101,65,56,23.41403516960173,229.36680619738178,134,119,97,90,22.764718403523553,194.56327480345692,129,116,80,73,23.53125415317199,226.29366936508808,129,112,80,66,22.30571743127549,148.74444490307837,124,105,75,68,27.37780212548269,192.48318894143927,141,126,77,71,23.46979463493482,163.8202596942481,120,103,78,66,28.215323154854687,191.7727262838113,0
R000000082,M,51,0,118,104,79,66,28.250010932997903,207.62747612404786,137,118,85,72,15.921951376716699,180.51880885035723,107,89,88,76,27.25661699122901,153.1552033267442,114,95,78,69,24.834462055671793,175.85603754275343,124,109,90,79,32.00051734301593,181.12829805924787,131,120,86,76,24.75413547285083,178.79705631042782,136,126,72,66,29.705124722718427,229.64213338574416,0
R000000083,F,40,1,112,94,96,91,24.878103974698625,185.61764423545713,128,115,86,75,28.73539817901478,239.63912096819035,137,127,88,76,29.23999593266222,245.10259485286997,122,110,79,69,29.357742219243594,216.46551277426485,138,122,77,66,37.74897030369688,205.9022697129712,109,99,61,52,29.098951915942283,210.89861829031966,131,120,81,72,32.045940742304836,249.35341977531215,0
R000000084,M,45,0,106,96,107,98,26.115567310789203,209.48600228613682,136,120,88,76,35.20204472604341,242.58809013540912,138,127,78,73,27.773646044400415,190.0963971810065,152,141,94,81,35.18529570593874,253.18061805422138,137,124,105,95,21.163345779238178,201.86779568987996,132,115,101,92,24.923201842314594,179.74288973346108,133,114,73,63,25.217134415350394,179.62401564702898,0
R000000085,M,62,0,123,109,79,66,32.30049710086916,198.0082878772059,132,116,77,63,32.95578541175775,181.98729302783886,129,118,83,69,32.875883159174656,193.6499905420647,139,127,95,87,31.187928730854477,211.6253542481713,124,114,85,78,32.91902052223192,175.62604448953866,123,106,89,75,28.976650218347473,163.45674176148856,137,122,81,67,37.31839121848592,171.85977727904748,0
R000000086,F,38,1,151,136,95,90,30.52846440507351,202.7430238267699,134,123,96,83,28.838637661098502,144.00380145918152,146,131,78,72,20.1955925438455,181.16798281746483,116,101,85,79,30.544621940157743,186.82522187369358,126,109,91,80,28.421038804093335,174.26783357639,142,124,97,90,29.05938060477981,214.3174760803084,133,123,80,68,32.89231191458613,184.34295875938489,0
R000000087,M,35,0,101,87,81,68,24.084933408554985,239.43207274308418,127,115,73,63,26.03345525747181,230.22541069510766,124,111,77,65,28.57435174602064,191.3588337823377,106,94,103,94,21.505866462406377,198.45741336779474,149,130,77,68,33.55280375541665,152.78257364016798,132,117,69,57,26.119502424502485,244.7824113332311,160,141,93,81,30.09611258881385,213.1717487396091,0
R000000088,F,45,1,142,127,68,56,29.407564271625745,183.79033450587536,142,132,80,72,31.22849038654924,179.46110522719988,138,119,67,62,20.728083098451382,242.5559403544411,125,106,85,78,28.47718682008807,145.74242128475294,107,94,93,82,30.897418045062718,209.16693153071154,131,121,97,85,27.74945158172278,219.16551302606038,122,110,85,76,27.861968623261156,196.50917093712255,0
R000000089,F,58,1,141,126,92,84,28.53112279305662,215.40622124490542,119,102,90,85,24.105815201182125,223.71876797488306,114,102,82,70,31.038849181936673,125.36574030394762,126,112,97,91,27.73216038681144,186.4774367250455,129,117,84,78,28.244625839742845,162.38585518699975,114,96,107,98,25.88835042925475,254.0539617378094,136,120,110,97,29.97910977845499,184.98765469371457,0
R000000090,F,32,1,138,122,87,73,34.80678483413384,228.46819969512782,129,111,79,67,29.905431077424875,140.89688546864494,129,117,67,55,27.62216514223199,238.30896158264562,137,122,80,75,29.162964387804713,186.50655188219167,132,116,70,60,31.040091769764135,200.11924869551547,126,114,71,59,26.75704090689419,242.27535180807763,126,109,64,56,21.75887000534222,161.0896850970061,0
R000000091,F,49,0,140,127,103,94,33.5325800034891,180.1366244952677,149,136,92,81,30.02188063666651,226.77792014897926,127,115,80,74,29.678439888096474,210.14070443305124,121,104,108,94,26.557250122090164,204.59985986411542,118,107,82,70,26.42337691526081,217.77433952362148,144,129,92,78,24.76454810214314,185.37715362470195,93,80,88,75,36.32835107163847,133.73333471598704,0
R000000092,F,65,0,113,96,69,60,21.865005097160655,175.32135753532697,115,100,98,92,32.24083962999552,163.66484212157656,133,118,78,70,24.544468157640935,163.78935056428352,137,121,100,94,34.648306964058676,258.2656883808131,128,111,104,99,24.902794311580582,206.24165095472162,118,99,85,73,28.336418759131266,218.9647945809233,127,115,80,69,32.515566293769396,169.85847334395703,0
R000000093,F,48,1,141,125,112,102,31.444510675834405,195.48974232257288,97,79,95,83,39.03864015564431,221.92292357199574,124,107,95,85,33.117859726631,167.74062820852288,159,142,83,73,28.21110206519129,141.89614133803283,116,101,93,85,31.243452462393396,178.30606105948226,129,110,69,62,25.597816538160668,197.25107619334528,115,105,75,65,33.85605438720902,237.9324758555564,0
R000000094,F,55,1,121,103,100,89,33.060789006494794,186.15111229230618,135,120,65,56,29.569663868715068,200.42819203509302,128,112,74,61,32.166898656235404,250.29179081624608,142,130,99,87,28.60089341974749,187.7696716527654,139,123,81,76,24.622686204841983,227.26437234049908,115,97,89,83,23.335736496248817,231.86299343594177,128,110,84,76,28.12302865473477,213.0797831919259,0
R000000095,F,32,0,93,77,84,72,30.237436834913325,234.56997826224512,126,108,86,75,25.964145497170005,171.38181741810067,142,129,77,65,30.33417721204755,171.63479360171806,129,116,98,91,20.1502391006126,144.99471368024462,109,95,66,61,30.56949036656627,187.7608556569624,112,100,93,80,30.37371555539415,197.2456532820929,129,110,83,77,26.558843215681488,194.253940317874,0
R000000096,F,48,1,130,118,82,70,26.658351425223238,169.94695164306034,145,132,95,87,27.89770275123202,187.7889106121966,123,110,81,69,27.481931012546237,165.39948468212123,127,112,100,87,27.573297272222717,184.89907720248476,145,127,76,62,28.122990332349996,159.97517722985026,128,114,78,72,30.509164805141854,176.33910472372202,135,120,95,83,25.302771186598896,221.8936038967217,0
R000000097,F,49,1,117,105,77,71,37.65357566046855,202.0541410558601,128,111,71,62,20.923696380443527,220.58955370870103,105,86,79,68,30.319429141180528,234.1194362709419,124,108,60,47,32.59703740012254,174.06193576646018,128,114,70,58,18.682233395509698,191.48817486640166,132,118,96,83,32.44679414257643,241.20217827050763,122,107,85,75,31.254298435387227,161.36350534695742,0
R000000098,F,61,1,150,133,86,73,30.60563712370809,276.3814500021342,120,102,92,80,25.221147475643768,203.17683359345702,156,145,98,85,25.172429728050606,210.15658628857742,147,129,92,86,30.222302432564142,155.169610774958,123,109,66,55,25.70247019814824,217.60392133954178,159,140,68,60,23.902410501583287,209.53386652170107,123,105,78,71,25.949811681374918,201.70250154666866,0
R000000099,M,36,0,125,111,83,72,35.90617709491291,212.3916960135855,128,115,91,86,26.362870247547583,217.53238941417453,150,140,73,67,31.42222263608285,171.86223270390803,120,110,90,78,19.377636241027567,227.39276091589338,114,102,92,78,29.339352780098487,179.7675705676962,123,107,70,64,26.076290773156053,180.09410986072305,140,130,88,77,27.250572267261173,146.40934626980174,0
R000000100,M,70,0,130,117,90,82,33.40591371789403,217.37870432914656,146,132,72,67,25.90364640826163,259.2932175354646,110,92,81,74,34.59792357729568,206.49874926213857,130,113,89,75,26.201299707415103,207.66943111551288,145,135,85,80,26.37599734436603,226.34547244910914,129,116,86,72,28.921981620358892,185.0382109977853,117,102,82,68,30.185596506701,210.38057078460446,0
R000000101,F,62,0,135,118,82,74,29.856538640893216,234.82047487091376,138,121,93,85,28.60941948813489,153.07275164866846,140,129,88,74,32.28244223991675,169.22741949079168,130,113,87,78,34.927597869452015,223.87566888962138,120,109,102,96,17.813071552951257,176.89021804347047,111,98,85,80,25.99184049275096,179.9023806668455,102,88,73,62,25.362686732654645,207.78545528136286,0
R000000102,F,69,1,125,110,99,87,25.68119635410549,186.11152803723922,93,74,87,80,24.710320270471197,248.51637724905873,122,105,93,81,25.08159012077036,233.02464195267817,122,107,87,79,27.397437118873903,184.05038525997517,112,95,75,67,33.28300051130464,180.97360418943418,139,123,77,69,30.283647935231286,169.9475770187085,132,117,82,72,32.17578705593276,208.49924669565945,0
R000000103,F,68,1,128,117,86,78,27.903580487389995,167.55741113763787,132,117,91,77,32.48412266929789,203.1306781256964,133,115,81,71,29.445669269092413,231.841128946194,109,96,97,83,29.289663930844508,197.87850572659752,145,135,84,79,28.677500205086446,168.61762952440242,135,117,93,80,29.991731549935743,185.6745397326935,146,129,87,81,27.92903568844058,235.02854239879477,0
R000000104,F,47,1,142,129,82,72,27.112350188825786,205.29533828488235,133,117,75,69,28.000828259672787,173.03647855030616,134,121,65,51,22.82743382496541,215.9601859646583,134,122,90,81,34.47603714914921,247.83921923648944,116,100,71,64,29.774957165079222,220.5112861072409,152,139,90,77,29.917181424764266,211.1906364119362,140,126,85,73,21.967522726816114,223.2798438958733,0
R000000105,F,69,0,114,101,95,86,23.14192417740292,207.96211485045612,129,117,86,79,27.962798715445544,160.09059122783032,126,109,83,70,30.289561244702703,210.8498318374105,129,117,87,79,27.381543433812375,199.91839414672663,128,114,79,67,26.106895391287026,198.40272289732394,146,133,93,85,33.83866893321706,201.9218201055854,132,121,88,83,25.319989284926688,163.73259154018206,0
R000000106,F,30,1,119,104,68,61,30.60112629983881,151.45367615860516,120,104,67,62,26.688421133948328,194.326388276689,118,100,98,84,29.802413651450156,252.83564374602122,137,122,96,84,31.164119439831612,224.23869647478324,142,130,82,70,30.12595875258663,170.60714156768077,135,120,83,70,30.576308297833798,186.85349190853523,148,137,79,74,33.232741799881055,235.48157983642034,0
R000000107,F,40,1,115,100,88,74,34.26941200783764,211.25215744048333,147,130,62,57,28.620762735435918,227.64950335773378,119,100,87,79,20.520734641871343,199.99058982164675,121,104,89,81,29.645583508633443,181.47631091849814,132,116,81,69,35.33928057834681,188.1136897315669,122,107,91,81,28.615564445925706,244.8652240639167,146,127,88,78,24.25198994655047,193.7164415504401,0
R000000108,F,57,1,151,141,85,79,26.806786021794213,232.09551496103117,148,129,86,76,31.30039305867054,196.17352638867396,116,97,87,75,23.352864624350545,164.54377623737597,148,132,90,76,30.50059545404157,221.4805203009278,155,137,85,75,25.059708065490568,107.86547036302917,133,117,80,75,27.22585805361385,139.68099578361083,125,111,86,77,31.576309948950474,140.89554495006396,0
R000000109,M,54,1,119,102,70,57,36.65462599689895,172.61155780927973,96,81,96,87,24.5314791371564,245.33464790742042,117,103,74,60,26.86744441302493,213.4842173849692,116,106,103,93,29.51686262733388,183.53241920584097,117,106,94,84,34.66805082142828,223.3391709039993,128,118,105,91,27.504543567292735,209.18407745467132,133,121,86,73,28.48669374677829,196.73733125276584,0
R000000110,F,52,0,127,112,67,53,21.769668856553064,213.0666754512444,118,99,87,75,25.367534043698974,156.46472929845322,128,112,73,66,26.796561011436694,262.58141148611344,155,140,80,74,25.809480485940853,143.10732871820983,126,109,93,84,29.594256263568028,194.87760081505078,144,132,76,66,23.743159384639707,195.7172223554722,134,115,85,74,27.313198793083544,219.41387270427035,0
R000000111,M,60,0,120,108,95,82,32.21745419354882,226.767909811104,127,109,84,78,26.78509588489334,199.63733156461836,119,100,85,78,23.16209225832478,169.55721520442444,103,87,69,60,26.20880979430932,199.77251336236876,128,110,77,64,24.522269007852547,127.81285546970308,142,124,106,93,20.937159252199915,170.89456310610558,128,116,106,100,38.050376603133095,169.58444309162144,0
R000000112,F,59,1,125,107,94,89,34.68608094162164,217.60034625590242,144,129,83,75,22.61651630610714,162.42819666760641,140,127,70,58,29.555914917408735,189.15611699918043,136,120,85,75,24.5816952785267,185.89090572188115,139,127,84,76,36.849562550364034,156.29955676027754,125,110,85,79,29.855024510924256,210.93363037363153,147,130,96,85,22.863135028281384,239.98574731121568,0
R000000113,F,71,0,118,107,86,72,27.183877676075756,220.4301871622467,130,112,75,63,24.72296856111401,210.90895647874905,152,142,92,83,29.00589443576205,212.4933811430436,137,119,87,78,21.441163524518842,151.25655921808215,149,138,92,78,29.56656095955573,187.3521781232719,108,93,71,61,32.89453175025226,193.40755362916536,127,111,87,80,25.03946558004087,172.3005032254351,0
R000000114,M,64,0,136,119,102,95,27.255773979428476,192.65599274581098,119,106,82,72,26.095116505821363,226.606621702919,121,109,76,69,27.222923472085924,198.38285452982782,118,99,92,86,32.978119642706574,205.74478555019522,131,115,95,84,30.705914675092163,160.57487722685488,150,136,98,92,26.679540306789054,237.4122039864168,122,112,76,71,27.90627972406637,185.5672412739314,0
R000000115,F,36,1,114,95,89,77,32.171060703377606,166.17486986778212,140,123,89,84,31.49755672285091,187.3771461895684,133,119,84,70,24.976833999366548,170.53089258868056,136,122,86,75,28.040331867524838,173.19420545140036,127,113,78,73,26.92259158109297,223.80047971058175,138,126,86,78,34.34837663613039,226.041957272344,91,77,82,70,37.66299756820033,180.05787392776793,0
R000000116,M,45,1,109,97,97,87,30.02396443983814,186.5856061284826,126,113,80,72,29.0502453160077,121.87358430118597,137,125,66,61,32.19482850566625,233.6557356869141,149,139,92,84,32.77664073009783,292.7792383538805,107,93,92,79,24.81469341868193,212.55718657973463,125,111,93,81,27.29395026767412,257.1839220912196,118,100,101,94,27.91559529283077,148.73071366460573,0
R000000117,F,55,0,121,107,89,80,20.010354626161973,182.41828694388124,128,117,92,87,28.774359645470177,205.96844440389484,137,121,81,74,34.62162845235318,269.6012216605178,96,85,110,98,34.2614906983386,156.06673299758998,131,112,88,77,28.67125297870316,210.78607830553608,138,128,97,86,20.184912075547963,185.50046208458022,110,97,79,67,29.097011754221807,170.20599131838907,0
R000000118,F,31,1,118,103,82,73,24.626507381842476,197.5922286137736,129,110,86,80,31.403591848671887,213.10215655200528,131,113,73,60,26.065754064613852,205.88394377071722,137,124,93,82,28.213669923638175,163.6122517264958,120,106,74,60,34.32585489393331,121.86959194355886,131,119,88,75,31.672997014918412,241.89663469242547,129,119,83,72,26.656658001653458,178.6442208648269,0
R000000119,M,30,0,109,90,74,64,27.94580180781016,232.7981271637979,138,120,88,79,27.450512846402415,212.12884264885093,141,126,61,52,25.551332331380717,172.87795130792,92,78,94,83,22.7460434732375,226.08653319943372,139,126,93,80,26.761360751257243,184.23624757379318,149,136,79,68,26.08284705104742,165.02435695953736,111,94,82,76,29.434514314247615,196.0968339846085,0
R000000120,F,41,1,125,110,78,67,22.521207281259734,160.64479615507494,125,111,93,81,29.56185939971556,237.07346575466462,137,118,90,76,29.964830661647984,153.53118424839573,115,97,83,70,27.215247416590135,196.00934358079732,123,109,86,75,27.89299501770345,179.0715064817283,101,87,94,89,32.03511471008005,196.68090502173263,139,125,88,83,26.904730373454154,109.95576524356693,0
R000000121,M,34,0,105,92,82,77,26.103302734280387,204.32750068452174,140,127,79,67,27.587112988270015,167.86838961052854,111,101,101,95,26.567882481012056,207.73927943663543,154,144,71,66,25.315425572947515,225.47606927786654,126,113,67,61,33.82531388791834,171.37836637686237,124,105,85,79,22.88989006427344,186.04258842097187,146,135,80,69,30.78129041773302,221.49659070079485,0
R000000122,F,66,1,155,143,98,85,22.621258299024262,168.0979506344644,128,117,91,84,29.061449397598516,220.40648316351349,143,127,96,85,27.442411197347063,233.11632029948774,121,109,62,48,20.07939816378005,211.41173161693703,108,93,82,72,26.798692616783036,187.54474156508866,153,135,91,81,29.6481766485906,218.07336238728226,129,119,86,81,31.096749305941977,221.20021104331013,0
R000000123,M,61,0,107,94,92,85,26.519317477786437,177.79859246531686,113,103,81,73,25.66896536955367,235.77522537433924,143,131,91,85,30.958612606898686,214.25503239486144,112,98,79,69,25.993084380284486,182.53078616206454,102,89,85,71,30.041105244676483,166.2128537874181,138,125,63,52,24.79815566582275,217.34827394730655,115,103,80,70,27.063579348687202,235.44383736768134,0
R000000124,M,38,0,120,110,88,80,26.653509090715357,216.76222257835525,129,113,88,74,18.244731366894285,146.6423724798045,118,104,80,72,20.36257564997083,199.9278847724344,127,115,59,49,27.71385115174195,158.62722820761104,157,146,78,70,31.50940202695879,206.45662198850653,156,144,89,82,28.80561946624942,172.98141220316086,134,116,98,84,23.498079847615745,155.25033565749797,0
R000000125,F,70,0,123,110,93,79,29.407018706374853,164.30164839902903,114,99,78,68,27.462883351254785,209.5895547775693,130,111,93,82,33.27320929941068,182.3218504463208,161,148,90,80,25.42670241694138,232.13249242184096,131,113,97,90,27.21287620449207,222.99654063013315,111,92,78,65,31.066426778301423,219.7457652195325,158,148,78,64,28.37427938810294,191.21505740504492,0
R000000126,F,64,1,155,145,90,85,27.632962704001997,222.02732869108937,130,119,75,61,33.69099254439976,184.87460506976984,140,127,97,89,28.290722097317364,167.2350910184573,102,90,81,71,24.91381965219405,161.346494432321,136,125,97,91,29.23935037279969,220.41151215271015,146,136,101,90,30.137604005175543,188.58532751468323,153,140,94,82,33.608486993684664,228.24306860448675,0
R000000127,M,48,0,104,94,87,73,30.011158884163024,159.43506660125826,142,125,85,78,31.704861608966368,197.55431980695062,126,107,86,75,26.35402742175128,225.04253978974646,114,101,71,57,22.88985671146818,216.76717883492483,116,98,81,71,30.644411110724693,195.86266244865558,145,126,91,81,28.27747133212037,175.4960792014492,108,91,79,68,24.693357624883163,230.8248745318363,0
R000000128,F,45,0,132,113,70,63,29.534176029895686,220.0094121031448,113,100,66,60,31.861589938364684,210.4302945061501,146,132,73,62,27.643063383114203,227.41314864156757,152,142,86,75,28.78368859341711,227.56996271770547,143,124,80,68,26.396339225823493,259.9771908900051,104,89,87,77,22.48616357515111,199.64655913573017,108,91,76,68,29.335667561573203,244.36792814757666,0
R000000129,F,32,1,145,130,96,90,32.125359977057244,153.51406191264465,135,118,82,72,32.94452288722487,185.38314307659343,165,151,80,75,27.849717420082076,153.628106399278,157,140,77,63,35.47707713286496,196.19246587910118,140,125,83,73,31.263060659959972,234.1992534350153,125,109,89,84,30.921376722207064,155.69467515912447,104,85,77,72,23.177038279949528,203.0814492371663,0
R000000130,F,49,1,125,111,80,74,31.495132163840463,181.46561962230155,117,101,68,59,28.35463036384575,179.72875762515164,118,103,102,92,21.075194786220298,247.6951693454205,128,115,89,79,33.11449555220459,190.8755739293659,117,99,82,69,25.812055666178246,196.95325388982346,128,109,75,66,32.1257217519824,227.93919049966314,112,95,67,62,23.8407706620939,198.3207842617444,0
R000000131,M,53,0,112,99,95,90,31.072495340538865,256.89483149388684,133,119,92,78,28.789262829622384,201.02457252464075,109,90,84,71,33.979752909812944,217.22213662682003,111,95,92,87,30.61450755194786,170.4882168601694,114,96,79,70,25.299649684158037,185.5318336939545,105,88,101,87,23.82801190337383,198.3313756867484,133,114,89,81,33.20146334121195,153.2615241143498,0
R000000132,M,62,0,128,116,96,84,40.41946971386689,251.25639109300658,142,123,95,86,25.5293924182626,167.38262183411592,134,115,51,45,28.165302529082474,241.98783935437382,161,150,77,70,30.701636475724165,213.88228150112906,119,107,47,41,21.891835756718173,240.1408148834576,125,115,104,97,24.415883142776,198.98763134605878,121,104,73,64,30.76613353059712,231.9462858268193,0
R000000133,M,53,1,152,142,78,71,29.389610546569315,187.62426042448564,98,79,76,62,26.735708575891802,167.42524613344443,140,125,70,63,29.772008521789502,159.73616754544656,153,142,82,76,27.4694274229635,108.62213506755164,129,119,102,90,25.986150624395766,230.227420482882,143,130,88,77,32.294229432131644,197.38500118740478,117,104,81,70,29.39586052015371,186.1905727500186,0
R000000134,M,40,1,120,105,94,87,38.374286015435445,211.69881758089704,113,96,89,80,30.463084599084567,220.3811984886951,126,109,80,66,31.80619908229617,159.02527533753684,140,125,87,77,20.78194728285184,221.4717901717043,132,122,85,72,24.737989192519116,157.6871838852731,124,110,100,86,27.166233749722934,249.40550260075352,145,128,92,84,18.71290694276682,201.0182293230719,0
R000000135,M,37,1,151,140,81,71,29.648873608975734,236.12204056654653,124,106,93,79,32.81553774867527,165.53617894524032,151,134,95,86,23.9153501697588,195.53092070698108,117,106,70,58,26.5222732421572,203.58429022927143,130,118,83,69,26.3965041749801,232.57463957686235,133,122,79,72,24.519546650377674,245.56633066489462,137,119,92,78,25.788428514253177,199.01511718268068,0
R000000136,M,65,1,133,116,81,69,27.668596340776432,220.43888523261413,134,120,94,85,27.442214897276003,219.98937502727637,109,91,82,69,29.893887596140914,215.08353280685583,129,114,87,80,24.1228892506714,193.31552900840953,149,135,88,80,30.447970527657954,195.36879395828214,133,123,77,68,29.09021765407709,240.5228328019756,104,88,70,65,30.42725601234675,128.1604322470374,0
R000000137,M,67,1,148,129,87,74,26.507339271147213,191.79607260635527,127,108,87,80,26.199242940594353,213.87773878561853,140,123,95,87,26.929435636404826,253.8908246878089,127,116,70,56,28.618786997381292,207.26906823991544,119,107,84,74,21.09730298649959,174.17265408219924,129,112,85,74,25.445902448182327,197.44875067223487,144,133,88,74,22.20373796831604,175.6563282788985,0
R000000138,M,69,0,133,119,87,74,34.038903193793715,177.54094057891,129,115,92,81,28.00211183542639,148.2257981362821,120,109,79,74,31.387083100865976,221.18236741445395,134,121,90,78,32.93285881575502,158.79330824203615,113,95,80,66,20.101316421651568,140.62382422278012,119,104,89,82,28.644168525623925,166.53125262530187,137,119,96,85,26.584458440365612,213.6164411010954,0
R000000139,M,49,1,122,106,85,77,34.56201357155175,226.0430942887379,160,149,78,68,30.40482699571646,179.67306042993033,155,136,65,57,19.49109031859402,192.719561695639,151,135,80,68,35.89363836099384,127.61021935772351,130,112,74,62,25.00368313339487,191.93251415906596,139,125,81,67,26.347173316614608,199.52061671348258,137,120,78,72,31.066614842477268,198.5424259165645,1
R000000140,F,64,0,154,135,71,62,30.399135423858915,233.92109925843505,111,97,85,77,22.224580735465832,235.82328209142116,159,149,80,70,27.603622799034923,169.20892377002323,143,126,70,61,28.258484124722127,214.05725209861885,104,92,66,53,29.84492197434663,199.63317244340223,106,88,90,84,26.689956719677824,209.43201262181546,121,107,90,84,21.955445146620775,213.8546892750923,0
R000000141,M,54,0,133,122,83,77,32.534187098010825,251.47105503183164,147,135,80,74,18.815276187451047,170.56503406580956,118,99,88,79,25.588717376864153,236.9000171815745,113,101,79,67,21.331374651290577,239.4963851655407,140,128,71,62,29.155459788078744,247.61982962330652,130,119,88,78,32.441589535429806,224.37830911679833,127,115,73,61,21.282853652204814,223.51540820934153,0
R000000142,F,64,0,132,115,107,94,22.891118136307668,149.38251729640785,124,108,77,64,25.797852602033664,186.06787213071837,121,110,87,82,29.72905180253662,171.05883722747856,150,132,79,69,28.250704200647913,147.8179408418979,131,117,73,63,24.939750668356297,228.71701423246057,150,131,75,63,18.12590127949997,209.3354822330073,100,84,88,74,22.024687535023283,175.30278258072556,0
R000000143,F,54,1,142,131,57,45,21.804880709951153,162.40625635396844,138,119,85,80,23.117150296343365,213.8618267975569,142,131,72,64,29.88017674947281,248.85405664316966,134,123,95,86,28.35942465165353,168.42559769010762,124,113,91,83,32.67763292862585,182.51339835871894,123,106,90,82,30.219003017740977,169.2051717143124,143,132,86,72,29.33794084644605,184.54549158062585,0
R000000144,F,58,0,143,130,93,86,32.98530754318981,234.8577080644124,161,147,88,80,25.967439209410756,223.50171527847786,124,112,81,71,25.169496420711894,191.46846051180472,140,123,86,73,30.715375482104793,222.5697467908231,124,109,92,83,25.366360259526637,211.6802718265921,119,100,93,80,31.781803113065976,183.93753588979342,115,103,91,77,25.772005884548392,195.764386233236,0
R000000145,M,47,0,142,132,95,82,27.492754008387912,153.4540835974947,140,123,96,91,27.408878724730116,192.45383341866514,129,110,111,97,25.151304543295826,247.71746217853553,151,134,75,64,27.923217798396678,210.7666927984056,143,127,76,65,29.849815944508507,224.7874826801847,140,122,86,74,25.51202343528938,181.21590406253233,116,98,90,81,31.51219450585246,223.2049686363247,0
R000000146,M,47,1,109,95,71,64,30.997209669590013,237.15649864735798,135,125,87,77,26.187006363907948,182.07469415925075,130,114,72,58,27.55733852577068,220.36793870177834,113,100,101,89,28.266073095842717,288.89325368920123,143,125,58,45,26.54885468986331,202.57872164051648,132,122,96,85,31.751061417452604,216.17159151217464,116,103,71,57,28.48407354093846,192.9770588537912,0
R000000147,M,31,0,120,102,80,67,25.130848200175688,193.55202482043825,153,141,91,83,33.80987013788298,242.67109585095523,101,90,91,83,24.413431090739167,195.89013531672626,129,119,91,86,25.471756968451764,232.26972406477694,126,111,85,71,24.524894596025376,182.38537522906387,141,125,72,61,24.163904132636706,216.90792359719902,157,144,86,80,35.52213887175216,146.56708537913372,0
R000000148,M,64,0,120,110,74,68,34.6279538788191,184.37258541989945,146,134,91,82,29.30697905840928,252.16698991392735,129,119,64,51,31.367934781808508,184.4181088452162,122,112,81,75,26.752392067564486,225.06273415679146,138,126,80,70,25.57973284754104,184.03482631269662,130,113,89,82,25.36006581734549,220.83895664242613,119,107,99,90,23.050071207002606,194.05451385964798,0
R000000149,F,45,1,118,100,103,89,21.838325312443857,206.1628578881441,118,100,111,102,29.201897438443314,229.36574152345386,119,104,93,84,26.523171198210214,189.7727636796176,106,95,69,57,30.05292970726073,177.08633900015352,142,128,80,70,30.93600153925423,211.56419211370857,94,82,73,63,24.899331825635862,209.0310756401706,144,130,63,51,29.327086820436392,221.99811352906113,0
R000000150,M,70,0,116,99,96,83,22.457659654069246,159.63894643293503,134,120,66,53,30.488828576173606,202.55954427695073,122,104,76,64,16.372047122713433,212.8495007712571,135,117,80,67,19.966065135426,215.74417389172046,135,122,94,82,29.44410058057102,212.38941696575142,147,134,73,64,31.805168654410338,138.22401470694066,129,117,94,84,24.8191409159014,240.71058268454894,0
R000000151,M,65,0,119,104,96,84,33.77724633484938,224.72044491795054,104,86,78,73,23.444667528876924,175.7520283507722,151,139,89,76,26.500711773512776,202.3146948865315,167,156,82,74,26.7308457373447,244.8624098742611,126,112,86,78,31.872410655106172,191.21136152709366,161,149,78,73,21.020209253328666,148.22420965175573,117,99,101,94,30.400850796592117,208.41727772554322,0
R000000152,M,62,0,135,119,86,73,17.5606328280684,250.6891099308409,121,103,99,93,32.15644714968107,175.08666780330304,111,96,72,58,23.84582471662411,182.18565775793886,102,91,88,74,30.75159987198364,195.06827704781284,135,118,75,68,29.443944330148327,121.42543384839982,149,133,75,68,34.560588904102296,195.79437105981074,114,102,70,58,28.47974356109136,155.42009970802104,0
R000000153,M,33,1,137,125,98,89,29.514275472379666,226.11728647442726,134,124,81,71,27.69694285385816,215.67542315797272,142,130,87,78,21.474896738156218,195.03105769047104,129,114,91,77,34.56291576402214,196.48356278788603,114,97,72,61,21.555322147303123,161.28431818126128,76,58,79,74,26.780245735544444,202.94233761399178,120,109,78,65,24.027516704718476,187.8088776255481,0
R000000154,M,62,1,129,119,84,78,27.57069601761369,192.6047392233758,120,109,93,84,30.68192246896485,212.5519466266605,125,115,75,65,23.05029344710971,202.35731089157449,139,123,93,80,26.406654223479052,204.24060579820798,131,116,82,73,36.45765933723517,218.59066764836336,136,124,82,74,30.459648616629423,237.60996761458935,128,114,90,81,27.371391015564495,214.25171443067606,0
R000000155,F,43,1,123,109,98,86,25.05619232319988,153.8589287670368,134,120,87,76,23.712571067839377,242.0479577883929,125,111,77,72,28.43763388733188,136.13797716755565,131,115,68,60,32.74147912329515,180.06503955583295,126,116,75,69,29.500676056233875,136.07486007932374,122,107,93,79,30.114831685454924,202.33385443985094,139,124,76,70,28.292392308846605,225.98644274471812,0
R000000156,M,50,0,149,138,83,73,27.200240605638523,155.012376313912,129,116,106,99,21.784964935935744,219.51350277608418,141,122,89,78,33.314563312992924,213.74504344366096,128,110,87,73,34.760095381671775,208.06890542369942,124,107,84,78,30.058686217552918,235.52543049101644,113,96,81,74,28.604927152826075,170.7215200742106,122,112,98,92,25.6027642400191,215.21214761669432,0
R000000157,F,49,0,128,114,78,66,24.60990602764076,160.11070093282078,138,119,73,66,31.271558632100113,154.90759094720545,135,122,80,72,29.25273789545992,170.60836325849579,110,95,83,69,26.458470395749288,207.31916414827043,104,87,95,85,26.49264928201376,231.08471783415513,131,116,69,61,25.597255754089762,219.86494423332104,122,107,95,84,30.90866885993431,192.45177385855422,0
R000000158,M,37,1,144,127,103,94,34.169023784193996,199.63165168663048,123,105,97,83,29.505638104390066,231.55842853168755,138,122,88,82,25.57398644713704,165.40002790382766,133,116,111,97,25.76716586867272,244.3995923954197,114,103,71,59,32.45271317320283,201.23289145799617,127,116,96,83,32.96949025171142,199.48244921407272,116,97,71,66,23.875629533324343,225.755462893268,0
R000000159,F,36,0,121,103,84,70,35.21798835344644,203.40200189817813,115,99,102,96,24.39179378256996,170.0581811805676,144,129,83,74,29.823616780682812,149.3796695866787,118,103,85,72,27.271702119632295,194.3182267246789,122,109,85,80,23.627569757599513,217.93793102685822,137,121,76,69,25.940594937115584,187.93835643397895,112,100,77,63,36.36403423213265,180.783047222148,0
R000000160,M,32,0,136,125,76,70,25.25704965284662,226.05330532222987,152,137,74,67,24.52134767490122,188.48086184142946,125,106,85,78,26.163638759124034,146.18322506396328,97,86,78,67,27.672192859747618,220.2418563819052,143,132,94,84,30.43931631065397,215.86324035076657,130,119,84,74,25.075005369116383,151.5620177608967,110,97,92,86,31.81476120250742,205.53947218622415,0
R000000161,M,46,1,150,138,75,65,29.102099509874126,146.11913040550775,122,106,92,78,32.50173913765908,207.50600618755084,120,104,89,79,25.22159852334742,159.3365749066313,147,137,86,80,32.36329067142208,195.21304154023846,134,121,84,78,19.681466871011843,196.4938061490136,113,102,89,79,31.510841134094132,202.555610243337,144,129,92,78,29.394964476214145,222.49362235720204,0
R000000162,F,62,1,90,78,75,66,22.699694116255813,239.336306911772,139,129,75,70,23.242352428530687,259.8700246935189,113,99,81,69,23.382549327068062,178.72937127108528,144,130,84,71,24.90509928196162,219.19278325346733,144,125,92,86,30.708834085400735,158.7833264723429,121,110,86,75,28.58299847814748,206.8645373293838,122,105,107,99,39.381257098788765,217.299074210107,0
R000000163,F,41,0,120,110,93,84,32.292208636012504,220.83218956836114,151,141,85,76,34.570691813023856,293.2975566801608,117,104,75,64,20.992684772993123,258.59777412579706,130,112,65,57,34.15226174442188,192.49824632624308,148,132,82,71,23.681798353442282,229.0181892518506,118,108,95,82,33.431286300464805,170.1156108768185,123,105,76,71,26.76280469642694,217.9728491067582,0
R000000164,F,51,0,138,121,84,79,32.188036698573256,190.19491120813595,132,115,82,73,24.397517061408525,218.20169177408548,174,158,79,72,26.44030517376222,184.22360972314388,133,116,89,77,24.79696978909513,217.2041896083562,134,116,86,72,29.107978081708502,242.21690034150905,104,94,89,78,27.749331634178002,222.33073364618826,120,105,99,91,30.44550347025739,217.21744980860515,0
R000000165,M,51,0,148,133,107,101,26.81895106916924,164.307153748037,117,106,60,49,30.553567702433533,194.50410143838837,148,132,96,84,28.632213959680527,205.33250318804093,146,133,81,70,22.942300321529746,221.84707487265345,132,115,89,84,33.4293618669847,163.74228427272973,109,93,76,71,25.396498509217015,219.6439039595295,125,109,75,61,28.89072185439683,168.5391836812211,0
R000000166,F,59,1,133,116,96,84,28.06754023367958,237.47421925073357,127,108,89,81,26.68552609700406,216.03516945441652,109,94,86,80,27.61350531994044,212.01444159518985,133,119,84,73,30.095108846234716,168.0003160082657,115,97,79,69,31.290869498001754,157.66234984490902,126,112,106,94,29.098973892095593,201.46737747178926,135,121,90,81,31.1898707728313,200.52672649789474,0
R000000167,M,67,1,130,112,87,80,27.624938201909316,190.9971811628785,145,127,86,79,30.412749724329373,226.62966277621507,110,93,76,62,26.336132288210564,203.93195558647545,143,129,76,64,32.92224171547682,233.07126262011803,159,142,104,93,32.89752668047024,195.89609285727977,151,139,86,77,26.209531375650386,200.35168573826124,122,104,93,80,33.984465468266485,172.72263624673823,0
R000000168,M,67,1,154,140,99,85,21.526168665278895,199.39943301966713,133,117,99,94,25.82354399154323,190.37997123328424,137,124,89,76,24.217015757212877,197.6766961782202,125,110,74,69,28.714621924051652,195.00567839155934,108,97,90,78,32.483393774591235,181.21326213090651,121,111,83,70,25.512309954777177,228.38113239992745,132,119,55,50,30.195797506445437,191.31577830941,0
R000000169,F,74,1,149,137,80,73,34.18401659040051,211.50835912363797,111,96,91,79,27.348828375710823,253.85634067736967,138,119,89,81,30.432984766739875,164.14118709202268,149,137,93,84,29.740337591865096,185.9060991612155,131,115,98,87,25.902869028360485,204.34847720616378,118,99,94,80,31.327552774623495,211.02591106343095,151,132,94,85,32.1671755812608,164.93480209987422,0
R000000170,F,37,0,116,102,66,54,24.932187044470275,172.60403282655167,138,128,107,100,28.163676701582883,206.90212277574207,138,124,90,85,22.731472320213662,243.52782644837635,134,120,96,90,35.81718895210125,178.69975664989934,142,131,95,85,30.393320695231417,236.2398211958116,112,97,87,78,35.32622026910011,178.9323365315492,117,102,98,92,25.798448038613635,210.34900119055862,0
R000000171,M,56,1,131,117,75,63,24.959402910968315,191.53458262924252,141,131,86,80,23.99125017687411,214.93229267274182,126,113,75,63,31.104111655373902,254.21589930913655,132,121,89,83,32.9786111261412,208.94600834294724,142,131,88,75,21.10033241623276,132.62988685182512,130,120,88,79,27.014152832326037,194.07055149199556,123,109,95,82,27.175399406144805,141.04544758458155,0
R000000172,M,56,1,135,121,86,80,27.398320582152667,225.9595070606114,124,113,83,75,30.963297381680505,219.97772756163386,128,118,78,67,23.9911319242931,149.52023917631942,110,91,66,61,28.123701671129997,199.86134933289432,112,99,98,91,25.252254328222996,247.43815854857465,147,129,109,103,24.101035254856278,216.70548205808237,139,129,105,95,34.553150241052016,218.51843577825395,0
R000000173,F,63,1,155,143,82,70,31.982194341449116,222.92288235488826,139,124,83,76,25.947145734113658,212.64759831843367,134,117,78,69,24.99025905058786,169.2791422734086,134,124,89,80,26.27541246727225,211.1242155662506,123,113,86,76,33.570619553136204,187.7999467436924,160,149,82,75,27.386174600400725,139.03037227003819,152,138,94,88,30.38742465411744,200.46043363457093,1
R000000174,F,50,1,142,123,93,88,25.634787139631875,223.19321620085714,133,118,80,75,27.085600338639924,225.16821501408836,131,121,81,67,22.132859237537293,191.6056897286898,117,107,67,61,32.380235465925544,211.70662352955438,118,104,77,69,26.459852790295116,215.35336935951483,134,124,81,67,30.059204919583692,172.05421853631114,111,97,79,72,28.993294579432753,257.064789322326,0
R000000175,F,59,1,128,115,83,73,20.191259114386224,165.34460746578705,127,116,62,55,24.022602501565952,181.4824044035923,96,82,90,81,25.994391412457453,171.06386615269426,120,101,78,70,31.31713565370355,218.25753936050535,100,85,85,79,20.527992453317026,218.56177514313399,132,116,86,73,29.029918113909883,220.46412999016925,104,86,97,85,24.98702316366593,193.86199543936365,0
R000000176,M,62,0,133,115,92,80,24.452007757081866,192.90258947812578,110,100,82,76,17.750665364818758,183.25094738161908,126,111,87,76,31.901249833911915,215.17896660367595,117,101,93,86,29.674306730640332,283.28852348459174,131,113,74,69,36.05479566932543,222.06023462593387,121,106,95,84,32.77692677788685,236.2663281264834,129,119,79,74,31.8663843245398,193.85309908414052,0
R000000177,M,57,0,101,82,100,93,29.696561676315962,188.10818494856585,146,127,64,52,27.235888949599325,166.99537301084916,117,102,88,79,30.062512353775826,178.15183392780162,114,103,91,84,26.691945256026045,201.19075271995553,119,100,63,58,30.249001132678877,201.8572431208999,124,109,69,64,30.6603593531028,230.63146220804038,128,114,85,78,24.87413831607016,220.4759684758822,0
R000000178,M,62,1,144,126,83,71,36.759001151236745,212.75536526824106,141,127,89,79,37.65046168645166,213.18503691860678,132,118,98,86,31.91368844811214,264.9516820341981,161,148,89,83,27.694441454932665,177.9627984028228,152,135,76,62,31.05791288122316,208.86681805360237,139,125,65,58,23.586362127560363,226.79879936743342,140,124,93,79,23.695336576919576,195.60521856264677,1
R000000179,M,34,0,139,128,90,85,22.960320134507377,210.06973968946693,138,124,72,59,31.138417151592094,223.3680951053634,174,162,91,81,30.088570183735744,235.7164578303079,149,135,98,88,27.409921741527775,139.405600029853,139,128,85,78,24.078121860312407,208.6706615181621,125,112,79,73,26.026726597436898,203.89231588014323,138,123,89,84,28.459703004115685,208.24498421899767,1
R000000180,M,48,1,148,131,67,54,22.813992930076683,204.6628199222881,153,142,76,64,27.922958481062423,213.73318598455657,135,121,83,74,23.58532068587852,206.37722091896646,158,142,90,84,26.75852486567482,164.1404960542824,130,120,95,87,29.13622628211948,181.0915159766166,127,114,68,63,22.476663520098697,169.13289770936933,129,114,98,86,18.39002986588524,229.8320012626574,0
R000000181,M,33,1,127,110,83,70,21.949617996644736,273.97201866259786,144,129,78,64,26.94843668316693,250.23477300042612,125,108,73,60,26.67684310268977,230.80958789959197,111,100,64,52,25.59540745361607,237.0604595225873,122,111,76,70,29.03029988355678,147.25834425688407,129,117,80,67,32.57871738252075,194.10129846280296,145,129,109,104,30.4443068654839,191.9745548707736,0
R000000182,F,64,0,131,115,72,63,21.453100034802638,191.27581759567886,140,122,82,75,28.089863571248184,199.8321194351286,143,132,77,71,24.879203483530148,233.17701273071927,131,116,81,69,29.060794543793207,221.59773520319322,131,115,95,90,24.7140605735053,163.42442516704415,121,102,90,78,20.032450938914398,140.20192848142446,119,104,73,64,29.507776786965152,235.857805070944,0
R000000183,M,46,0,122,105,86,72,32.82276584032572,187.76530741794366,96,85,85,76,30.18847646070084,220.06224966777538,137,122,82,77,33.32229961615616,183.0815753582527,110,100,84,75,25.414738816922625,159.5004186045502,126,113,72,64,27.320721257907365,196.87286061505895,128,111,76,67,22.86667067751075,239.0196825863226,133,119,81,73,26.588785765456556,149.6259843345615,0
R000000184,M,73,1,112,100,87,79,33.97875430145752,165.29750988991833,147,128,95,84,23.27674873876462,167.24897371582057,136,118,93,81,23.212845414294755,175.51348266374106,119,103,83,69,28.70951668365787,273.9263732299766,131,112,75,64,21.99812914886793,176.39580029310844,99,83,70,64,25.952790135979306,175.48661592577074,111,92,88,77,26.95152736575985,248.10439629064473,0
R000000185,M,57,1,120,105,87,77,28.711023574321608,153.8645802221339,131,120,79,70,32.45728677867549,188.38700892576796,139,122,84,77,31.574790757556443,202.34429188908942,116,98,78,67,19.600507071123815,209.80293432984524,158,144,99,85,26.613161868495993,176.46511782831396,138,120,85,80,30.25566961241927,183.99962719930392,129,115,80,71,27.522716381334405,146.35501755664,0
R000000186,F,59,1,102,92,80,69,26.129148911436573,163.39047868352674,134,122,89,77,30.861525261764974,220.86613272697332,160,143,78,67,31.571815480435077,225.84908373493832,148,134,74,66,25.600503325596737,213.80950159641017,114,98,85,75,31.895385029039275,253.97753137058587,165,155,93,82,25.913386345177393,231.7585715792173,108,90,84,72,24.843490489810634,240.56561935092554,0
R000000187,M,58,0,143,127,107,98,35.164575147450506,178.4395422367016,134,118,112,103,30.87274290283174,225.4730633222943,113,96,77,63,35.31848080686435,204.17181195960254,124,110,109,104,32.39331680277619,267.3267553980824,127,115,83,73,25.01260696403166,225.76684389979619,121,105,68,62,26.53908234514203,151.56119128671367,113,96,92,87,28.738290509993174,144.00612595087392,0
R000000188,M,35,1,97,87,72,58,28.69563216662602,239.30219283313556,141,126,88,83,29.75390295523891,191.18099157007453,137,121,84,72,26.36125362948201,152.6901055342701,146,133,81,75,24.39828309814204,252.1836716248464,140,121,87,74,35.62919134570621,192.4377210227008,135,116,93,88,26.6178885069092,164.31792127923705,155,136,91,82,27.00242027845794,259.4175235522937,0
R000000189,F,64,1,160,142,71,58,32.35774683744174,201.17491713085576,146,129,83,74,28.07846663077596,197.85202244425798,116,99,93,83,30.849288638320647,175.91526668147472,139,127,108,94,30.368407844172573,223.43412427496483,123,112,72,66,22.255633949859774,220.16104836966326,142,129,93,87,28.691130489432982,208.03914031475404,102,89,87,79,28.449808613154474,204.82628640739674,0
R000000190,M,70,1,103,93,101,94,25.934204233112737,205.799920008582,139,122,77,69,30.69144494386728,154.4637875995757,138,123,100,86,37.12660734615537,197.78081409216867,164,146,73,59,24.73086499986769,224.87641822478767,153,137,81,73,26.959298600817625,187.39194183227298,149,133,94,83,23.117953858919993,215.61141245202435,126,113,86,79,27.377085658661027,171.65347302248446,0
R000000191,M,66,0,152,142,77,66,28.176975416895097,197.1118007539371,137,122,83,73,30.367256534965513,189.28912397580172,116,105,82,69,25.529433292265214,197.7300318702251,107,93,91,83,31.10314262717288,227.683552885126,140,126,85,76,25.374280145543498,203.3217030255949,126,116,97,86,24.21129180780781,197.8489761447752,142,123,82,73,26.58988531003501,255.9535930056542,0
R000000192,M,53,1,116,100,75,61,23.050633418211817,210.95902979065366,133,114,76,69,26.583837156235905,226.71149490559358,123,112,84,73,21.859839009870562,259.17626530369427,148,131,87,82,26.811564211205834,192.77098604863951,119,109,97,92,27.279276674508523,213.24885945256747,102,88,107,93,34.72369479518356,198.82750661192276,163,149,99,85,29.11397049375055,167.33389782822073,0
R000000193,M,58,1,138,127,108,94,30.51699588757434,242.0621644165353,79,67,87,78,25.705592908412395,217.256150483197,125,108,72,58,20.479959864368944,158.42036172803006,147,129,75,63,26.653413582538857,208.6037869263259,133,123,68,56,33.48589912856369,187.47182096684364,134,122,81,71,29.609596388788045,238.05133861683336,132,120,101,94,31.124399371726042,193.1793836154036,0
R000000194,M,60,0,118,104,94,85,28.76375100309326,140.18207491195892,125,113,86,80,28.407425181047948,215.01997164143629,144,134,104,95,30.850848115445324,215.16767725507623,115,101,80,67,28.217405914188067,217.2296148222414,119,101,102,90,24.062178014143612,179.44248357388713,131,117,86,77,31.043128687411382,219.08955335181952,133,116,95,83,25.90092341932841,278.1413687293807,0
R000000195,F,64,1,155,138,79,68,24.421747070344864,236.55011946756142,115,105,63,53,34.19608060598075,201.4932106154288,143,128,70,58,20.467399167765663,244.6733932498487,145,126,84,76,22.626292131513217,196.19652216864765,118,104,83,73,26.19491787628188,236.71795455405513,124,111,80,73,28.232114125820868,215.03509803582637,130,114,73,66,29.581893166583832,211.8661446353273,0
R000000196,F,62,1,130,113,87,81,24.475571401894154,124.5488464239498,148,132,84,74,23.043571697384397,200.2118947588453,111,96,96,90,26.51072378824831,268.1434923626839,135,117,76,62,31.888363275025842,171.03741470853342,127,117,73,64,30.618023010892557,218.4233890159432,127,116,85,78,27.43887900702904,223.2693947838123,145,131,82,77,30.077721642056762,139.2195560665397,0
R000000197,F,50,0,146,134,104,96,34.463834013354976,200.84608134565784,139,125,95,86,22.12989893699024,180.19036581579658,130,117,81,70,29.749252748155843,187.86807730448118,126,115,82,75,33.21373376606295,192.01608796073995,148,132,72,60,28.37263511967061,132.3616736512185,132,119,100,87,29.828523784381122,190.98229175934148,136,117,86,73,22.86454447197372,191.80123347881042,0
R000000198,M,61,1,131,115,91,85,35.886675001847266,265.75722064233247,123,110,81,71,28.65904336494607,220.96485260607605,119,100,79,71,28.740702147319656,214.74288358160598,117,99,61,55,26.55987401202017,170.36202176282237,141,123,87,80,28.700699797236013,179.9559220990517,135,123,71,63,30.91045473470453,265.1949699242906,121,109,75,62,31.906177900615234,189.14721612472823,0
R000000199,M,52,0,135,123,97,86,27.147458653330716,220.41973818594633,124,105,78,67,28.203550807424072,212.6291883316817,111,99,73,60,29.701779456736688,217.09281071595942,119,106,92,83,30.096816683606185,201.93117712616692,129,119,71,64,24.13889464160177,176.5618250091682,134,124,76,63,31.384302698766877,130.77405445002552,146,132,85,75,36.225805322623955,205.6555062969251,0
